"GAME_ID","EVENTNUM","CORRECTED_EVENTNUM","EVENTMSGTYPE","EVENTMSGACTIONTYPE","PERIOD","WCTIMESTRING","PCTIMESTRING","SECONDS_REMAINING","HOMEDESCRIPTION","NEUTRALDESCRIPTION","VISITORDESCRIPTION","SCORE","SCOREMARGIN","PERSON1TYPE","PLAYER1_ID","PLAYER1_NAME","PLAYER1_TEAM_ID","PLAYER1_TEAM_CITY","PLAYER1_TEAM_NICKNAME","PLAYER1_TEAM_ABBREVIATION","PERSON2TYPE","PLAYER2_ID","PLAYER2_NAME","PLAYER2_TEAM_ID","PLAYER2_TEAM_CITY","PLAYER2_TEAM_NICKNAME","PLAYER2_TEAM_ABBREVIATION","PERSON3TYPE","PLAYER3_ID","PLAYER3_NAME","PLAYER3_TEAM_ID","PLAYER3_TEAM_CITY","PLAYER3_TEAM_NICKNAME","PLAYER3_TEAM_ABBREVIATION","HOME_PLAYER1","HOME_PLAYER2","HOME_PLAYER3","HOME_PLAYER4","HOME_PLAYER5","VISITOR_PLAYER1","VISITOR_PLAYER2","VISITOR_PLAYER3","VISITOR_PLAYER4","VISITOR_PLAYER5","GAME_NUMERIC"
"0021600978",506,427,3,12,4,22:23:00,00:10:00,10,"Snell Free Throw 2 of 2 (19 PTS)","NULL","NULL","93 - 102",9,4,203503,"Tony Snell",1610612749,"Milwaukee","Bucks","MIL",0,0,"NULL","NULL","NULL","NULL","NULL",0,0,"NULL","NULL","NULL","NULL","NULL",203114,203503,202328,203507,203521,1626157,201937,202357,201575,203952,21600978
"0021600978",504,426,3,11,4,22:23:00,00:10:00,10,"Snell Free Throw 1 of 2 (18 PTS)","NULL","NULL","93 - 101",8,4,203503,"Tony Snell",1610612749,"Milwaukee","Bucks","MIL",0,0,"NULL","NULL","NULL","NULL","NULL",0,0,"NULL","NULL","NULL","NULL","NULL",203114,203503,202328,203507,203521,1626157,201937,202357,201575,203952,21600978
"0021600978",502,424,4,0,4,22:22:00,00:11:00,11,"Snell REBOUND (Off:1 Def:5)","NULL","NULL","93 - 100",7,4,203503,"Tony Snell",1610612749,"Milwaukee","Bucks","MIL",0,0,"NULL","NULL","NULL","NULL","NULL",0,0,"NULL","NULL","NULL","NULL","NULL",203114,203503,202328,203507,203521,1626157,201937,202357,201575,203952,21600978
"0021600978",499,422,3,12,4,22:22:00,00:18:00,18,"Middleton Free Throw 2 of 2 (11 PTS)","NULL","NULL","93 - 100",7,4,203114,"Khris Middleton",1610612749,"Milwaukee","Bucks","MIL",0,0,"NULL","NULL","NULL","NULL","NULL",0,0,"NULL","NULL","NULL","NULL","NULL",203114,203503,202328,203507,203521,1626157,201937,202357,201575,203952,21600978
"0021600978",497,421,3,11,4,22:22:00,00:18:00,18,"Middleton Free Throw 1 of 2 (10 PTS)","NULL","NULL","93 - 99",6,4,203114,"Khris Middleton",1610612749,"Milwaukee","Bucks","MIL",0,0,"NULL","NULL","NULL","NULL","NULL",0,0,"NULL","NULL","NULL","NULL","NULL",203114,203503,202328,203507,203521,1626157,201937,202357,201575,203952,21600978
"0021600978",491,416,3,12,4,22:20:00,00:22:00,22,"Snell Free Throw 2 of 2 (17 PTS)","NULL","NULL","93 - 98",5,4,203503,"Tony Snell",1610612749,"Milwaukee","Bucks","MIL",0,0,"NULL","NULL","NULL","NULL","NULL",0,0,"NULL","NULL","NULL","NULL","NULL",203114,203503,202328,203507,203521,1626157,201937,202357,201575,203952,21600978
"0021600978",489,414,3,11,4,22:20:00,00:22:00,22,"MISS Snell Free Throw 1 of 2","NULL","NULL","93 - 97",4,4,203503,"Tony Snell",1610612749,"Milwaukee","Bucks","MIL",0,0,"NULL","NULL","NULL","NULL","NULL",0,0,"NULL","NULL","NULL","NULL","NULL",203114,203503,202328,203507,203521,1626157,201937,202357,201575,203952,21600978
"0021600978",487,412,4,0,4,22:19:00,00:23:00,23,"Middleton REBOUND (Off:1 Def:7)","NULL","NULL","93 - 97",4,4,203114,"Khris Middleton",1610612749,"Milwaukee","Bucks","MIL",0,0,"NULL","NULL","NULL","NULL","NULL",0,0,"NULL","NULL","NULL","NULL","NULL",203114,203503,202328,203507,203521,1626157,201937,202357,201575,203952,21600978
"0021600978",484,409,2,5,4,22:19:00,00:32:00,32,"MISS Antetokounmpo 1' Layup","NULL","NULL","93 - 97",4,4,203507,"Giannis Antetokounmpo",1610612749,"Milwaukee","Bucks","MIL",0,0,"NULL","NULL","NULL","NULL","NULL",0,0,"NULL","NULL","NULL","NULL","NULL",203114,203503,202328,203507,203521,1626157,201937,202357,201575,203952,21600978
"0021600978",483,408,4,0,4,22:19:00,00:43:00,43,"Dellavedova REBOUND (Off:0 Def:1)","NULL","NULL","93 - 97",4,4,203521,"Matthew Dellavedova",1610612749,"Milwaukee","Bucks","MIL",0,0,"NULL","NULL","NULL","NULL","NULL",0,0,"NULL","NULL","NULL","NULL","NULL",203114,203503,202328,203507,203521,1626157,201937,202357,201575,203952,21600978
"0021600978",474,402,2,5,4,22:16:00,00:58:00,58,"MISS Antetokounmpo 1' Layup","NULL","NULL","93 - 97",4,4,203507,"Giannis Antetokounmpo",1610612749,"Milwaukee","Bucks","MIL",0,0,"NULL","NULL","NULL","NULL","NULL",0,0,"NULL","NULL","NULL","NULL","NULL",203114,203503,202328,203507,203521,1626157,201937,202357,201575,203952,21600978
"0021600978",472,400,5,45,4,22:16:00,01:30:00,90,"Monroe Out of Bounds - Bad Pass Turnover Turnover (P2.T13)","NULL","NULL","93 - 97",4,4,202328,"Greg Monroe",1610612749,"Milwaukee","Bucks","MIL",0,0,"NULL","NULL","NULL","NULL","NULL",0,0,"NULL","NULL","NULL","NULL","NULL",203114,203503,202328,203507,203521,1626157,201937,202357,201575,203952,21600978
"0021600978",471,399,4,0,4,22:16:00,01:41:00,101,"Middleton REBOUND (Off:1 Def:6)","NULL","NULL","93 - 97",4,4,203114,"Khris Middleton",1610612749,"Milwaukee","Bucks","MIL",0,0,"NULL","NULL","NULL","NULL","NULL",0,0,"NULL","NULL","NULL","NULL","NULL",203114,203503,202328,203507,203521,1626157,201937,202357,201575,203952,21600978
"0021600978",468,396,4,0,4,22:15:00,02:16:00,136,"Snell REBOUND (Off:1 Def:4)","NULL","NULL","93 - 97",4,4,203503,"Tony Snell",1610612749,"Milwaukee","Bucks","MIL",0,0,"NULL","NULL","NULL","NULL","NULL",0,0,"NULL","NULL","NULL","NULL","NULL",203114,203503,202328,203507,203521,1626157,201937,202357,201575,203952,21600978
"0021600978",465,394,3,12,4,22:14:00,02:36:00,156,"Antetokounmpo Free Throw 2 of 2 (18 PTS)","NULL","NULL","93 - 97",4,4,203507,"Giannis Antetokounmpo",1610612749,"Milwaukee","Bucks","MIL",0,0,"NULL","NULL","NULL","NULL","NULL",0,0,"NULL","NULL","NULL","NULL","NULL",203114,203503,202328,203507,203521,1626157,201937,202357,201575,203952,21600978
"0021600978",463,393,3,11,4,22:14:00,02:36:00,156,"Antetokounmpo Free Throw 1 of 2 (17 PTS)","NULL","NULL","93 - 96",3,4,203507,"Giannis Antetokounmpo",1610612749,"Milwaukee","Bucks","MIL",0,0,"NULL","NULL","NULL","NULL","NULL",0,0,"NULL","NULL","NULL","NULL","NULL",203114,203503,202328,203507,203521,1626157,201937,202357,201575,203952,21600978
"0021600978",460,390,8,0,4,22:13:00,02:59:00,179,"SUB: Snell FOR Terry","NULL","NULL","91 - 95",4,4,1891,"Jason Terry",1610612749,"Milwaukee","Bucks","MIL",4,203503,"Tony Snell","1610612749","Milwaukee","Bucks","MIL",0,0,"NULL","NULL","NULL","NULL","NULL",203114,203503,202328,203507,203521,1626157,201937,202357,201575,203952,21600978
"0021600978",454,386,2,63,4,22:10:00,02:59:00,179,"MISS Antetokounmpo 11' Fadeaway Jumper","NULL","NULL","91 - 95",4,4,203507,"Giannis Antetokounmpo",1610612749,"Milwaukee","Bucks","MIL",0,0,"NULL","NULL","NULL","NULL","NULL",0,0,"NULL","NULL","NULL","NULL","NULL",203114,1891,202328,203507,203521,1626157,201937,202357,201575,203952,21600978
"0021600978",452,384,1,78,4,22:10:00,03:42:00,222,"Middleton 7' Floating Jump Shot (9 PTS) (Antetokounmpo 7 AST)","NULL","NULL","89 - 95",6,4,203114,"Khris Middleton",1610612749,"Milwaukee","Bucks","MIL",4,203507,"Giannis Antetokounmpo","1610612749","Milwaukee","Bucks","MIL",0,0,"NULL","NULL","NULL","NULL","NULL",203114,1891,202328,203507,203521,1626157,201937,202357,201575,203952,21600978
"0021600978",451,383,4,0,4,22:10:00,03:52:00,232,"Antetokounmpo REBOUND (Off:0 Def:4)","NULL","NULL","89 - 93",4,4,203507,"Giannis Antetokounmpo",1610612749,"Milwaukee","Bucks","MIL",0,0,"NULL","NULL","NULL","NULL","NULL",0,0,"NULL","NULL","NULL","NULL","NULL",203114,1891,202328,203507,203521,1626157,201937,202357,201575,203952,21600978
"0021600978",449,381,5,5,4,22:09:00,04:10:00,250,"Antetokounmpo Foul Turnover (P2.T10)","NULL","NULL","89 - 93",4,4,203507,"Giannis Antetokounmpo",1610612749,"Milwaukee","Bucks","MIL",0,0,"NULL","NULL","NULL","NULL","NULL",1,0,"NULL","NULL","NULL","NULL","NULL",203114,1891,202328,203507,203521,1626157,201937,202357,201575,203952,21600978
"0021600978",448,380,6,26,4,22:09:00,04:10:00,250,"Antetokounmpo Offensive Charge Foul (P5.PN) (D.Collins)","NULL","NULL","89 - 93",4,4,203507,"Giannis Antetokounmpo",1610612749,"Milwaukee","Bucks","MIL",5,202357,"Nemanja Bjelica","1610612750","Minnesota","Timberwolves","MIN",1,0,"NULL","NULL","NULL","NULL","NULL",203114,1891,202328,203507,203521,1626157,201937,202357,201575,203952,21600978
"0021600978",445,378,8,0,4,22:08:00,04:21:00,261,"SUB: Dellavedova FOR Vaughn","NULL","NULL","88 - 93",5,4,1626173,"Rashad Vaughn",1610612749,"Milwaukee","Bucks","MIL",4,203521,"Matthew Dellavedova","1610612749","Milwaukee","Bucks","MIL",0,0,"NULL","NULL","NULL","NULL","NULL",203114,1891,202328,203507,203521,1626157,201937,202357,201575,203952,21600978
"0021600978",442,375,6,27,4,22:08:00,04:21:00,261,"Vaughn Personal Block Foul (P3.PN) (D.Collins)","NULL","NULL","88 - 93",5,4,1626173,"Rashad Vaughn",1610612749,"Milwaukee","Bucks","MIL",5,201937,"Ricky Rubio","1610612750","Minnesota","Timberwolves","MIN",1,0,"NULL","NULL","NULL","NULL","NULL",203114,1891,202328,203507,1626173,1626157,201937,202357,201575,203952,21600978
"0021600978",441,374,1,5,4,22:08:00,04:34:00,274,"Vaughn 1' Layup (10 PTS) (Monroe 2 AST)","NULL","NULL","88 - 93",5,4,1626173,"Rashad Vaughn",1610612749,"Milwaukee","Bucks","MIL",4,202328,"Greg Monroe","1610612749","Milwaukee","Bucks","MIL",0,0,"NULL","NULL","NULL","NULL","NULL",203114,1891,202328,203507,1626173,1626157,201937,202357,201575,203952,21600978
"0021600978",435,372,3,12,4,22:06:00,05:16:00,316,"Antetokounmpo Free Throw 2 of 2 (16 PTS)","NULL","NULL","86 - 91",5,4,203507,"Giannis Antetokounmpo",1610612749,"Milwaukee","Bucks","MIL",0,0,"NULL","NULL","NULL","NULL","NULL",0,0,"NULL","NULL","NULL","NULL","NULL",203114,1891,202328,203507,1626173,1626157,201937,202357,201575,203952,21600978
"0021600978",432,371,3,11,4,22:06:00,05:16:00,316,"Antetokounmpo Free Throw 1 of 2 (15 PTS)","NULL","NULL","86 - 90",4,4,203507,"Giannis Antetokounmpo",1610612749,"Milwaukee","Bucks","MIL",0,0,"NULL","NULL","NULL","NULL","NULL",0,0,"NULL","NULL","NULL","NULL","NULL",203114,1891,202328,203507,1626173,1626157,201937,202357,201575,203952,21600978
"0021600978",422,365,1,42,4,22:03:00,05:47:00,347,"Vaughn 1' Driving Layup (8 PTS)","NULL","NULL","83 - 89",6,4,1626173,"Rashad Vaughn",1610612749,"Milwaukee","Bucks","MIL",0,0,"NULL","NULL","NULL","NULL","NULL",0,0,"NULL","NULL","NULL","NULL","NULL",203114,1891,202328,203507,1626173,1626157,201937,202357,203498,203952,21600978
"0021600978",417,360,5,1,4,22:01:00,07:28:00,448,"Middleton Bad Pass Turnover (P2.T8)","NULL","Wiggins STEAL (1 STL)","79 - 87",8,4,203114,"Khris Middleton",1610612749,"Milwaukee","Bucks","MIL",5,203952,"Andrew Wiggins","1610612750","Minnesota","Timberwolves","MIN",0,0,"NULL","NULL","NULL","NULL","NULL",203114,1891,202328,203507,1626173,1626157,201937,202357,203498,203952,21600978
"0021600978",414,357,4,0,4,22:00:00,07:43:00,463,"Antetokounmpo REBOUND (Off:0 Def:3)","NULL","NULL","79 - 87",8,4,203507,"Giannis Antetokounmpo",1610612749,"Milwaukee","Bucks","MIL",0,0,"NULL","NULL","NULL","NULL","NULL",0,0,"NULL","NULL","NULL","NULL","NULL",203114,1891,202328,203507,1626173,1626157,201937,202357,203498,1626145,21600978
"0021600978",412,355,1,5,4,22:00:00,08:06:00,486,"Monroe  Layup (12 PTS) (Vaughn 2 AST)","NULL","NULL","79 - 87",8,4,202328,"Greg Monroe",1610612749,"Milwaukee","Bucks","MIL",4,1626173,"Rashad Vaughn","1610612749","Milwaukee","Bucks","MIL",0,0,"NULL","NULL","NULL","NULL","NULL",203114,1891,202328,203507,1626173,1626157,201937,202357,203498,1626145,21600978
"0021600978",411,354,4,0,4,21:59:00,08:16:00,496,"Middleton REBOUND (Off:1 Def:5)","NULL","NULL","79 - 85",6,4,203114,"Khris Middleton",1610612749,"Milwaukee","Bucks","MIL",0,0,"NULL","NULL","NULL","NULL","NULL",0,0,"NULL","NULL","NULL","NULL","NULL",203114,1891,202328,203507,1626173,1626157,201937,202357,203498,1626145,21600978
"0021600978",408,351,2,79,4,21:59:00,08:41:00,521,"MISS Vaughn 11' Pullup Jump Shot","NULL","NULL","79 - 85",6,4,1626173,"Rashad Vaughn",1610612749,"Milwaukee","Bucks","MIL",0,0,"NULL","NULL","NULL","NULL","NULL",0,0,"NULL","NULL","NULL","NULL","NULL",203114,1891,202328,203507,1626173,1626157,201937,202357,203498,1626145,21600978
"0021600978",403,348,6,2,4,21:58:00,09:03:00,543,"Antetokounmpo S.FOUL (P4.PN) (S.Wright)","NULL","NULL","77 - 85",8,4,203507,"Giannis Antetokounmpo",1610612749,"Milwaukee","Bucks","MIL",5,1626157,"Karl-Anthony Towns","1610612750","Minnesota","Timberwolves","MIN",1,0,"NULL","NULL","NULL","NULL","NULL",203114,1891,202328,203507,1626173,1626157,201937,202357,203498,1626145,21600978
"0021600978",402,347,1,41,4,21:57:00,09:20:00,560,"Vaughn  Running Layup (6 PTS) (Middleton 4 AST)","NULL","NULL","77 - 85",8,4,1626173,"Rashad Vaughn",1610612749,"Milwaukee","Bucks","MIL",4,203114,"Khris Middleton","1610612749","Milwaukee","Bucks","MIL",0,0,"NULL","NULL","NULL","NULL","NULL",203114,1891,202328,203507,1626173,1626157,201937,202357,203498,1626145,21600978
"0021600978",401,346,4,0,4,21:57:00,09:23:00,563,"Middleton REBOUND (Off:1 Def:4)","NULL","NULL","77 - 83",6,4,203114,"Khris Middleton",1610612749,"Milwaukee","Bucks","MIL",0,0,"NULL","NULL","NULL","NULL","NULL",0,0,"NULL","NULL","NULL","NULL","NULL",203114,1891,202328,203507,1626173,1626157,201937,202357,203498,1626145,21600978
"0021600978",399,344,6,1,4,21:57:00,09:35:00,575,"Antetokounmpo P.FOUL (P3.T4) (S.Anderson)","NULL","NULL","77 - 83",6,4,203507,"Giannis Antetokounmpo",1610612749,"Milwaukee","Bucks","MIL",5,202357,"Nemanja Bjelica","1610612750","Minnesota","Timberwolves","MIN",1,0,"NULL","NULL","NULL","NULL","NULL",203114,1891,202328,203507,1626173,1626157,201937,202357,203498,1626145,21600978
"0021600978",398,343,8,0,4,21:57:00,09:40:00,580,"SUB: Antetokounmpo FOR Henson","NULL","NULL","77 - 83",6,4,203089,"John Henson",1610612749,"Milwaukee","Bucks","MIL",4,203507,"Giannis Antetokounmpo","1610612749","Milwaukee","Bucks","MIL",0,0,"NULL","NULL","NULL","NULL","NULL",203114,1891,202328,203507,1626173,1626157,201937,202357,203498,1626145,21600978
"0021600978",396,341,6,1,4,21:56:00,09:40:00,580,"Henson P.FOUL (P5.T3) (S.Wright)","NULL","NULL","77 - 83",6,4,203089,"John Henson",1610612749,"Milwaukee","Bucks","MIL",5,202357,"Nemanja Bjelica","1610612750","Minnesota","Timberwolves","MIN",1,0,"NULL","NULL","NULL","NULL","NULL",203114,1891,202328,203089,1626173,1626157,1627739,202357,203498,1626145,21600978
"0021600978",394,339,2,41,4,21:56:00,09:50:00,590,"MISS Monroe 1' Running Layup","NULL","Bjelica BLOCK (1 BLK)","77 - 83",6,4,202328,"Greg Monroe",1610612749,"Milwaukee","Bucks","MIL",0,0,"NULL","NULL","NULL","NULL","NULL",5,202357,"Nemanja Bjelica","1610612750","Minnesota","Timberwolves","MIN",203114,1891,202328,203089,1626173,1626157,1627739,202357,203498,1626145,21600978
"0021600978",393,338,4,0,4,21:56:00,09:52:00,592,"Middleton REBOUND (Off:1 Def:3)","NULL","NULL","77 - 83",6,4,203114,"Khris Middleton",1610612749,"Milwaukee","Bucks","MIL",0,0,"NULL","NULL","NULL","NULL","NULL",0,0,"NULL","NULL","NULL","NULL","NULL",203114,1891,202328,203089,1626173,1626157,1627739,202357,203498,1626145,21600978
"0021600978",386,333,1,97,4,21:53:00,10:21:00,621,"Monroe 1' Tip Layup Shot (10 PTS)","NULL","NULL","77 - 83",6,4,202328,"Greg Monroe",1610612749,"Milwaukee","Bucks","MIL",0,0,"NULL","NULL","NULL","NULL","NULL",0,0,"NULL","NULL","NULL","NULL","NULL",203114,1891,202328,203089,1626173,1626157,1627739,202357,203498,1626145,21600978
"0021600978",387,332,4,0,4,21:53:00,10:21:00,621,"Monroe REBOUND (Off:4 Def:2)","NULL","NULL","77 - 81",4,4,202328,"Greg Monroe",1610612749,"Milwaukee","Bucks","MIL",0,0,"NULL","NULL","NULL","NULL","NULL",0,0,"NULL","NULL","NULL","NULL","NULL",203114,1891,202328,203089,1626173,1626157,1627739,202357,203498,1626145,21600978
"0021600978",385,331,2,1,4,21:53:00,10:22:00,622,"MISS Terry 10' Jump Shot","NULL","NULL","77 - 81",4,4,1891,"Jason Terry",1610612749,"Milwaukee","Bucks","MIL",0,0,"NULL","NULL","NULL","NULL","NULL",0,0,"NULL","NULL","NULL","NULL","NULL",203114,1891,202328,203089,1626173,1626157,1627739,202357,203498,1626145,21600978
"0021600978",384,330,4,0,4,21:53:00,10:32:00,632,"Henson REBOUND (Off:3 Def:3)","NULL","NULL","77 - 81",4,4,203089,"John Henson",1610612749,"Milwaukee","Bucks","MIL",0,0,"NULL","NULL","NULL","NULL","NULL",0,0,"NULL","NULL","NULL","NULL","NULL",203114,1891,202328,203089,1626173,1626157,1627739,202357,203498,1626145,21600978
"0021600978",380,326,1,42,4,21:53:00,10:45:00,645,"Vaughn 1' Driving Layup (4 PTS)","NULL","NULL","77 - 81",4,4,1626173,"Rashad Vaughn",1610612749,"Milwaukee","Bucks","MIL",0,0,"NULL","NULL","NULL","NULL","NULL",0,0,"NULL","NULL","NULL","NULL","NULL",203114,1891,202328,203089,1626173,1626157,1627739,202357,203498,1626145,21600978
"0021600978",375,323,6,2,4,21:52:00,11:07:00,667,"Middleton S.FOUL (P3.T2) (D.Collins)","NULL","NULL","75 - 79",4,4,203114,"Khris Middleton",1610612749,"Milwaukee","Bucks","MIL",5,1626157,"Karl-Anthony Towns","1610612750","Minnesota","Timberwolves","MIN",1,0,"NULL","NULL","NULL","NULL","NULL",203114,1891,202328,203089,1626173,1626157,1627739,202357,203498,1626145,21600978
"0021600978",372,321,3,12,4,21:51:00,11:14:00,674,"MISS Henson Free Throw 2 of 2","NULL","NULL","75 - 79",4,4,203089,"John Henson",1610612749,"Milwaukee","Bucks","MIL",0,0,"NULL","NULL","NULL","NULL","NULL",0,0,"NULL","NULL","NULL","NULL","NULL",203114,1891,202328,203089,1626173,1626157,1627739,202357,203498,1626145,21600978
"0021600978",370,320,3,11,4,21:51:00,11:14:00,674,"Henson Free Throw 1 of 2 (11 PTS)","NULL","NULL","75 - 79",4,4,203089,"John Henson",1610612749,"Milwaukee","Bucks","MIL",0,0,"NULL","NULL","NULL","NULL","NULL",0,0,"NULL","NULL","NULL","NULL","NULL",203114,1891,202328,203089,1626173,1626157,1627739,202357,203498,1626145,21600978
"0021600978",367,317,6,1,4,21:50:00,11:37:00,697,"Vaughn P.FOUL (P2.T1) (S.Wright)","NULL","NULL","75 - 78",3,4,1626173,"Rashad Vaughn",1610612749,"Milwaukee","Bucks","MIL",5,1626145,"Tyus Jones","1610612750","Minnesota","Timberwolves","MIN",1,0,"NULL","NULL","NULL","NULL","NULL",203114,1891,202328,203089,1626173,1626157,1627739,202357,203498,1626145,21600978
"0021600978",365,316,3,12,4,21:50:00,11:45:00,705,"Middleton Free Throw 2 of 2 (7 PTS)","NULL","NULL","75 - 78",3,4,203114,"Khris Middleton",1610612749,"Milwaukee","Bucks","MIL",0,0,"NULL","NULL","NULL","NULL","NULL",0,0,"NULL","NULL","NULL","NULL","NULL",203114,1891,202328,203089,1626173,1626157,1627739,202357,203498,1626145,21600978
"0021600978",363,315,3,11,4,21:49:00,11:45:00,705,"Middleton Free Throw 1 of 2 (6 PTS)","NULL","NULL","75 - 77",2,4,203114,"Khris Middleton",1610612749,"Milwaukee","Bucks","MIL",0,0,"NULL","NULL","NULL","NULL","NULL",0,0,"NULL","NULL","NULL","NULL","NULL",203114,1891,202328,203089,1626173,1626157,1627739,202357,203498,1626145,21600978
"0021600978",352,305,5,1,3,21:46:00,00:05:00,5,"Middleton Bad Pass Turnover (P1.T7)","NULL","Dunn STEAL (1 STL)","73 - 76",3,4,203114,"Khris Middleton",1610612749,"Milwaukee","Bucks","MIL",5,1627739,"Kris Dunn","1610612750","Minnesota","Timberwolves","MIN",0,0,"NULL","NULL","NULL","NULL","NULL",1891,203114,203503,1626173,202328,203952,203476,202357,203498,1627739,21600978
"0021600978",351,304,4,0,3,21:45:00,00:26:00,26,"Terry REBOUND (Off:1 Def:2)","NULL","NULL","73 - 76",3,4,1891,"Jason Terry",1610612749,"Milwaukee","Bucks","MIL",0,0,"NULL","NULL","NULL","NULL","NULL",0,0,"NULL","NULL","NULL","NULL","NULL",1891,203114,203503,1626173,202328,203952,203476,202357,203498,1627739,21600978
"0021600978",349,302,1,63,3,21:45:00,00:47:00,47,"Middleton 14' Fadeaway Jumper (5 PTS)","NULL","NULL","73 - 76",3,4,203114,"Khris Middleton",1610612749,"Milwaukee","Bucks","MIL",0,0,"NULL","NULL","NULL","NULL","NULL",0,0,"NULL","NULL","NULL","NULL","NULL",1891,203114,203503,1626173,202328,203952,203476,202357,203498,1627739,21600978
"0021600978",346,299,8,0,3,21:44:00,01:14:00,74,"SUB: Middleton FOR Antetokounmpo","NULL","NULL","73 - 74",1,4,203507,"Giannis Antetokounmpo",1610612749,"Milwaukee","Bucks","MIL",4,203114,"Khris Middleton","1610612749","Milwaukee","Bucks","MIL",0,0,"NULL","NULL","NULL","NULL","NULL",1891,203114,203503,1626173,202328,203952,203476,202357,201575,1627739,21600978
"0021600978",344,297,1,1,3,21:43:00,01:41:00,101,"Snell 25' 3PT Jump Shot (16 PTS) (Terry 2 AST)","NULL","NULL","73 - 74",1,4,203503,"Tony Snell",1610612749,"Milwaukee","Bucks","MIL",4,1891,"Jason Terry","1610612749","Milwaukee","Bucks","MIL",0,0,"NULL","NULL","NULL","NULL","NULL",1891,203507,203503,1626173,202328,203952,203476,202357,201575,1627739,21600978
"0021600978",341,295,3,12,3,21:42:00,02:16:00,136,"Terry Free Throw 2 of 2 (5 PTS)","NULL","NULL","71 - 71",0,4,1891,"Jason Terry",1610612749,"Milwaukee","Bucks","MIL",0,0,"NULL","NULL","NULL","NULL","NULL",0,0,"NULL","NULL","NULL","NULL","NULL",1891,203507,203503,1626173,202328,203952,203476,202357,201575,1627739,21600978
"0021600978",339,294,3,11,3,21:42:00,02:16:00,136,"Terry Free Throw 1 of 2 (4 PTS)","NULL","NULL","71 - 70",-1,4,1891,"Jason Terry",1610612749,"Milwaukee","Bucks","MIL",0,0,"NULL","NULL","NULL","NULL","NULL",0,0,"NULL","NULL","NULL","NULL","NULL",1891,203507,203503,1626173,202328,203952,203476,202357,201575,1627739,21600978
"0021600978",332,290,1,50,3,21:39:00,02:51:00,171,"Snell  Running Dunk (13 PTS)","NULL","NULL","69 - 69",0,4,203503,"Tony Snell",1610612749,"Milwaukee","Bucks","MIL",0,0,"NULL","NULL","NULL","NULL","NULL",0,0,"NULL","NULL","NULL","NULL","NULL",1891,203507,203503,1626173,202328,203952,203476,202357,201575,1627739,21600978
"0021600978",324,284,6,29,3,21:37:00,03:29:00,209,"Monroe Shooting Block Foul (P3.T3) (D.Collins)","NULL","NULL","67 - 67",0,4,202328,"Greg Monroe",1610612749,"Milwaukee","Bucks","MIL",5,1627739,"Kris Dunn","1610612750","Minnesota","Timberwolves","MIN",1,0,"NULL","NULL","NULL","NULL","NULL",1891,203507,203503,1626173,202328,203952,203476,1626157,201575,1627739,21600978
"0021600978",323,283,1,1,3,21:37:00,03:49:00,229,"Snell 24' 3PT Jump Shot (11 PTS) (Antetokounmpo 6 AST)","NULL","NULL","67 - 67",0,4,203503,"Tony Snell",1610612749,"Milwaukee","Bucks","MIL",4,203507,"Giannis Antetokounmpo","1610612749","Milwaukee","Bucks","MIL",0,0,"NULL","NULL","NULL","NULL","NULL",1891,203507,203503,1626173,202328,203952,203476,1626157,201575,1627739,21600978
"0021600978",320,280,2,1,3,21:36:00,04:20:00,260,"MISS Vaughn 24' 3PT Jump Shot","NULL","NULL","65 - 64",-1,4,1626173,"Rashad Vaughn",1610612749,"Milwaukee","Bucks","MIL",0,0,"NULL","NULL","NULL","NULL","NULL",0,0,"NULL","NULL","NULL","NULL","NULL",1891,203507,203503,1626173,202328,203952,203476,1626157,201575,1627739,21600978
"0021600978",315,277,6,29,3,21:35:00,04:41:00,281,"Monroe Shooting Block Foul (P2.T2) (D.Collins)","NULL","NULL","63 - 64",1,4,202328,"Greg Monroe",1610612749,"Milwaukee","Bucks","MIL",5,203952,"Andrew Wiggins","1610612750","Minnesota","Timberwolves","MIN",1,0,"NULL","NULL","NULL","NULL","NULL",1891,203507,203503,1626173,202328,203952,203476,1626157,201575,1627739,21600978
"0021600978",313,275,2,1,3,21:35:00,04:52:00,292,"MISS Monroe 5' Jump Shot","NULL","NULL","63 - 64",1,4,202328,"Greg Monroe",1610612749,"Milwaukee","Bucks","MIL",0,0,"NULL","NULL","NULL","NULL","NULL",0,0,"NULL","NULL","NULL","NULL","NULL",1891,203507,203503,1626173,202328,203952,203476,1626157,201575,1627739,21600978
"0021600978",308,271,8,0,3,21:34:00,05:31:00,331,"SUB: Monroe FOR Henson","NULL","NULL","61 - 64",3,4,203089,"John Henson",1610612749,"Milwaukee","Bucks","MIL",4,202328,"Greg Monroe","1610612749","Milwaukee","Bucks","MIL",0,0,"NULL","NULL","NULL","NULL","NULL",1891,203507,203503,1626173,202328,203952,203476,1626157,201575,1627739,21600978
"0021600978",307,270,8,0,3,21:34:00,05:31:00,331,"SUB: Vaughn FOR Dellavedova","NULL","NULL","61 - 64",3,4,203521,"Matthew Dellavedova",1610612749,"Milwaukee","Bucks","MIL",4,1626173,"Rashad Vaughn","1610612749","Milwaukee","Bucks","MIL",0,0,"NULL","NULL","NULL","NULL","NULL",1891,203507,203503,1626173,203089,203952,203476,1626157,201575,1627739,21600978
"0021600978",304,268,6,11,3,21:32:00,05:31:00,331,"Henson T.FOUL (P4.T1) (S.Wright)","NULL","NULL","61 - 64",3,4,203089,"John Henson",1610612749,"Milwaukee","Bucks","MIL",0,0,"NULL","NULL","NULL","NULL","NULL",1,0,"NULL","NULL","NULL","NULL","NULL",1891,203507,203503,203521,203089,203952,203476,1626157,201575,1627739,21600978
"0021600978",303,267,6,1,3,21:31:00,05:31:00,331,"Henson P.FOUL (P4.T1) (S.Wright)","NULL","NULL","61 - 64",3,4,203089,"John Henson",1610612749,"Milwaukee","Bucks","MIL",5,1626157,"Karl-Anthony Towns","1610612750","Minnesota","Timberwolves","MIN",1,0,"NULL","NULL","NULL","NULL","NULL",1891,203507,203503,203521,203089,203952,203476,1626157,201575,1627739,21600978
"0021600978",300,265,2,1,3,21:31:00,05:40:00,340,"MISS Dellavedova 26' 3PT Jump Shot","NULL","NULL","61 - 64",3,4,203521,"Matthew Dellavedova",1610612749,"Milwaukee","Bucks","MIL",0,0,"NULL","NULL","NULL","NULL","NULL",0,0,"NULL","NULL","NULL","NULL","NULL",1891,203507,203503,203521,203089,203952,203476,1626157,201575,1627739,21600978
"0021600978",295,260,2,1,3,21:31:00,06:11:00,371,"MISS Henson 15' Jump Shot","NULL","NULL","59 - 64",5,4,203089,"John Henson",1610612749,"Milwaukee","Bucks","MIL",0,0,"NULL","NULL","NULL","NULL","NULL",0,0,"NULL","NULL","NULL","NULL","NULL",1891,203507,203503,203521,203089,203952,203476,1626157,201575,1627739,21600978
"0021600978",293,258,8,0,3,21:30:00,06:25:00,385,"SUB: Terry FOR Middleton","NULL","NULL","59 - 64",5,4,203114,"Khris Middleton",1610612749,"Milwaukee","Bucks","MIL",4,1891,"Jason Terry","1610612749","Milwaukee","Bucks","MIL",0,0,"NULL","NULL","NULL","NULL","NULL",1891,203507,203503,203521,203089,203952,203476,1626157,201575,201937,21600978
"0021600978",291,256,4,0,3,21:30:00,06:36:00,396,"Henson REBOUND (Off:3 Def:2)","NULL","NULL","59 - 64",5,4,203089,"John Henson",1610612749,"Milwaukee","Bucks","MIL",0,0,"NULL","NULL","NULL","NULL","NULL",0,0,"NULL","NULL","NULL","NULL","NULL",203114,203507,203503,203521,203089,203952,203476,1626157,201575,201937,21600978
"0021600978",288,253,2,1,3,21:29:00,07:01:00,421,"MISS Snell 25' 3PT Jump Shot","NULL","NULL","59 - 64",5,4,203503,"Tony Snell",1610612749,"Milwaukee","Bucks","MIL",0,0,"NULL","NULL","NULL","NULL","NULL",0,0,"NULL","NULL","NULL","NULL","NULL",203114,203507,203503,203521,203089,203952,203476,1626157,201575,201937,21600978
"0021600978",284,250,2,1,3,21:29:00,07:22:00,442,"MISS Middleton 29' 3PT Jump Shot","NULL","NULL","59 - 64",5,4,203114,"Khris Middleton",1610612749,"Milwaukee","Bucks","MIL",0,0,"NULL","NULL","NULL","NULL","NULL",0,0,"NULL","NULL","NULL","NULL","NULL",203114,203507,203503,203521,203089,203952,203476,1626157,201575,201937,21600978
"0021600978",282,248,1,1,3,21:28:00,08:12:00,492,"Dellavedova 24' 3PT Jump Shot (16 PTS) (Middleton 3 AST)","NULL","NULL","56 - 64",8,4,203521,"Matthew Dellavedova",1610612749,"Milwaukee","Bucks","MIL",4,203114,"Khris Middleton","1610612749","Milwaukee","Bucks","MIL",0,0,"NULL","NULL","NULL","NULL","NULL",203114,203507,203503,203521,203089,203952,203476,1626157,201575,201937,21600978
"0021600978",280,246,2,1,3,21:27:00,08:16:00,496,"MISS Dellavedova 29' 3PT Jump Shot","NULL","NULL","56 - 61",5,4,203521,"Matthew Dellavedova",1610612749,"Milwaukee","Bucks","MIL",0,0,"NULL","NULL","NULL","NULL","NULL",0,0,"NULL","NULL","NULL","NULL","NULL",203114,203507,203503,203521,203089,203952,203476,1626157,201575,201937,21600978
"0021600978",279,245,4,0,3,21:27:00,08:23:00,503,"Middleton REBOUND (Off:1 Def:2)","NULL","NULL","56 - 61",5,4,203114,"Khris Middleton",1610612749,"Milwaukee","Bucks","MIL",0,0,"NULL","NULL","NULL","NULL","NULL",0,0,"NULL","NULL","NULL","NULL","NULL",203114,203507,203503,203521,203089,203952,203476,1626157,201575,201937,21600978
"0021600978",277,243,3,16,3,21:27:00,08:43:00,523,"Middleton Free Throw Technical (3 PTS)","NULL","NULL","56 - 61",5,4,203114,"Khris Middleton",1610612749,"Milwaukee","Bucks","MIL",0,0,"NULL","NULL","NULL","NULL","NULL",0,0,"NULL","NULL","NULL","NULL","NULL",203114,203507,203503,203521,203089,203952,203476,1626157,201575,201937,21600978
"0021600978",274,240,1,3,3,21:26:00,08:43:00,523,"Henson 1' Hook Shot (10 PTS) (Middleton 2 AST)","NULL","NULL","56 - 60",4,4,203089,"John Henson",1610612749,"Milwaukee","Bucks","MIL",4,203114,"Khris Middleton","1610612749","Milwaukee","Bucks","MIL",0,0,"NULL","NULL","NULL","NULL","NULL",203114,203507,203503,203521,203089,203952,203476,1626157,201575,201937,21600978
"0021600978",273,239,4,0,3,21:26:00,08:51:00,531,"Antetokounmpo REBOUND (Off:0 Def:2)","NULL","NULL","56 - 58",2,4,203507,"Giannis Antetokounmpo",1610612749,"Milwaukee","Bucks","MIL",0,0,"NULL","NULL","NULL","NULL","NULL",0,0,"NULL","NULL","NULL","NULL","NULL",203114,203507,203503,203521,203089,203952,203476,1626157,201575,201937,21600978
"0021600978",271,237,1,99,3,21:26:00,09:08:00,548,"Antetokounmpo 1' Cutting Finger Roll Layup Shot (14 PTS) (Dellavedova 2 AST)","NULL","NULL","56 - 58",2,4,203507,"Giannis Antetokounmpo",1610612749,"Milwaukee","Bucks","MIL",4,203521,"Matthew Dellavedova","1610612749","Milwaukee","Bucks","MIL",0,0,"NULL","NULL","NULL","NULL","NULL",203114,203507,203503,203521,203089,203952,203476,1626157,201575,201937,21600978
"0021600978",269,235,1,52,3,21:25:00,09:45:00,585,"Henson  Alley Oop Dunk (8 PTS) (Middleton 1 AST)","NULL","NULL","56 - 56",0,4,203089,"John Henson",1610612749,"Milwaukee","Bucks","MIL",4,203114,"Khris Middleton","1610612749","Milwaukee","Bucks","MIL",0,0,"NULL","NULL","NULL","NULL","NULL",203114,203507,203503,203521,203089,203952,203476,1626157,201575,201937,21600978
"0021600978",265,232,3,12,3,21:24:00,10:15:00,615,"Dellavedova Free Throw 2 of 2 (13 PTS)","NULL","NULL","53 - 54",1,4,203521,"Matthew Dellavedova",1610612749,"Milwaukee","Bucks","MIL",0,0,"NULL","NULL","NULL","NULL","NULL",0,0,"NULL","NULL","NULL","NULL","NULL",203114,203507,203503,203521,203089,203952,203476,1626157,201575,201937,21600978
"0021600978",263,231,3,11,3,21:24:00,10:15:00,615,"Dellavedova Free Throw 1 of 2 (12 PTS)","NULL","NULL","53 - 53",0,4,203521,"Matthew Dellavedova",1610612749,"Milwaukee","Bucks","MIL",0,0,"NULL","NULL","NULL","NULL","NULL",0,0,"NULL","NULL","NULL","NULL","NULL",203114,203507,203503,203521,203089,203952,203476,1626157,201575,201937,21600978
"0021600978",259,228,1,97,3,21:23:00,10:42:00,642,"Henson 1' Tip Layup Shot (6 PTS)","NULL","NULL","50 - 52",2,4,203089,"John Henson",1610612749,"Milwaukee","Bucks","MIL",0,0,"NULL","NULL","NULL","NULL","NULL",0,0,"NULL","NULL","NULL","NULL","NULL",203114,203507,203503,203521,203089,203952,203476,1626157,201575,201937,21600978
"0021600978",260,227,4,0,3,21:23:00,10:42:00,642,"Henson REBOUND (Off:3 Def:1)","NULL","NULL","50 - 50",0,4,203089,"John Henson",1610612749,"Milwaukee","Bucks","MIL",0,0,"NULL","NULL","NULL","NULL","NULL",0,0,"NULL","NULL","NULL","NULL","NULL",203114,203507,203503,203521,203089,203952,203476,1626157,201575,201937,21600978
"0021600978",257,226,2,97,3,21:23:00,10:44:00,644,"MISS Henson 2' Tip Layup Shot","NULL","NULL","50 - 50",0,4,203089,"John Henson",1610612749,"Milwaukee","Bucks","MIL",0,0,"NULL","NULL","NULL","NULL","NULL",0,0,"NULL","NULL","NULL","NULL","NULL",203114,203507,203503,203521,203089,203952,203476,1626157,201575,201937,21600978
"0021600978",258,225,4,0,3,21:23:00,10:44:00,644,"Henson REBOUND (Off:2 Def:1)","NULL","NULL","50 - 50",0,4,203089,"John Henson",1610612749,"Milwaukee","Bucks","MIL",0,0,"NULL","NULL","NULL","NULL","NULL",0,0,"NULL","NULL","NULL","NULL","NULL",203114,203507,203503,203521,203089,203952,203476,1626157,201575,201937,21600978
"0021600978",256,224,2,5,3,21:23:00,10:45:00,645,"MISS Antetokounmpo  Layup","NULL","NULL","50 - 50",0,4,203507,"Giannis Antetokounmpo",1610612749,"Milwaukee","Bucks","MIL",0,0,"NULL","NULL","NULL","NULL","NULL",0,0,"NULL","NULL","NULL","NULL","NULL",203114,203507,203503,203521,203089,203952,203476,1626157,201575,201937,21600978
"0021600978",255,223,4,0,3,21:23:00,10:49:00,649,"Middleton REBOUND (Off:1 Def:1)","NULL","NULL","50 - 50",0,4,203114,"Khris Middleton",1610612749,"Milwaukee","Bucks","MIL",0,0,"NULL","NULL","NULL","NULL","NULL",0,0,"NULL","NULL","NULL","NULL","NULL",203114,203507,203503,203521,203089,203952,203476,1626157,201575,201937,21600978
"0021600978",254,222,2,1,3,21:23:00,10:51:00,651,"MISS Dellavedova 6' Jump Shot","NULL","Towns BLOCK (2 BLK)","50 - 50",0,4,203521,"Matthew Dellavedova",1610612749,"Milwaukee","Bucks","MIL",0,0,"NULL","NULL","NULL","NULL","NULL",5,1626157,"Karl-Anthony Towns","1610612750","Minnesota","Timberwolves","MIN",203114,203507,203503,203521,203089,203952,203476,1626157,201575,201937,21600978
"0021600978",251,219,1,78,3,21:22:00,11:22:00,682,"Dellavedova 6' Floating Jump Shot (11 PTS)","NULL","NULL","50 - 50",0,4,203521,"Matthew Dellavedova",1610612749,"Milwaukee","Bucks","MIL",0,0,"NULL","NULL","NULL","NULL","NULL",0,0,"NULL","NULL","NULL","NULL","NULL",203114,203507,203503,203521,203089,203952,203476,1626157,201575,201937,21600978
"0021600978",244,213,1,1,2,21:05:00,00:02:00,2,"Dellavedova 25' 3PT Jump Shot (9 PTS) (Antetokounmpo 5 AST)","NULL","NULL","48 - 48",0,4,203521,"Matthew Dellavedova",1610612749,"Milwaukee","Bucks","MIL",4,203507,"Giannis Antetokounmpo","1610612749","Milwaukee","Bucks","MIL",0,0,"NULL","NULL","NULL","NULL","NULL",203521,203114,202328,203503,203507,201937,202357,203952,201575,1626157,21600978
"0021600978",240,209,2,1,2,21:05:00,00:33:00,33,"MISS Snell 25' 3PT Jump Shot","NULL","NULL","45 - 45",0,4,203503,"Tony Snell",1610612749,"Milwaukee","Bucks","MIL",0,0,"NULL","NULL","NULL","NULL","NULL",0,0,"NULL","NULL","NULL","NULL","NULL",203521,203114,202328,203503,203507,201937,202357,203952,201575,1626157,21600978
"0021600978",237,206,1,49,2,21:04:00,01:03:00,63,"Antetokounmpo  Driving Dunk (12 PTS)","NULL","NULL","45 - 45",0,4,203507,"Giannis Antetokounmpo",1610612749,"Milwaukee","Bucks","MIL",0,0,"NULL","NULL","NULL","NULL","NULL",0,0,"NULL","NULL","NULL","NULL","NULL",203521,203114,202328,203503,203507,201937,202357,203952,201575,1626157,21600978
"0021600978",234,203,2,41,2,21:03:00,01:39:00,99,"MISS Monroe 1' Running Layup","NULL","NULL","43 - 43",0,4,202328,"Greg Monroe",1610612749,"Milwaukee","Bucks","MIL",0,0,"NULL","NULL","NULL","NULL","NULL",0,0,"NULL","NULL","NULL","NULL","NULL",203521,203114,202328,203503,203507,201937,202357,203952,201575,1626157,21600978
"0021600978",232,201,1,1,2,21:03:00,01:59:00,119,"Snell 24' 3PT Jump Shot (8 PTS) (Antetokounmpo 4 AST)","NULL","NULL","43 - 43",0,4,203503,"Tony Snell",1610612749,"Milwaukee","Bucks","MIL",4,203507,"Giannis Antetokounmpo","1610612749","Milwaukee","Bucks","MIL",0,0,"NULL","NULL","NULL","NULL","NULL",203521,203114,202328,203503,203507,201937,202357,203952,201575,1626157,21600978
"0021600978",231,200,4,0,2,21:03:00,02:03:00,123,"Monroe REBOUND (Off:3 Def:2)","NULL","NULL","43 - 40",-3,4,202328,"Greg Monroe",1610612749,"Milwaukee","Bucks","MIL",0,0,"NULL","NULL","NULL","NULL","NULL",0,0,"NULL","NULL","NULL","NULL","NULL",203521,203114,202328,203503,203507,201937,202357,203952,201575,1626157,21600978
"0021600978",230,199,2,1,2,21:03:00,02:04:00,124,"MISS Middleton 16' Jump Shot","NULL","NULL","43 - 40",-3,4,203114,"Khris Middleton",1610612749,"Milwaukee","Bucks","MIL",0,0,"NULL","NULL","NULL","NULL","NULL",0,0,"NULL","NULL","NULL","NULL","NULL",203521,203114,202328,203503,203507,201937,202357,203952,201575,1626157,21600978
"0021600978",224,196,2,5,2,21:00:00,02:11:00,131,"MISS Middleton 2' Layup","NULL","NULL","43 - 40",-3,4,203114,"Khris Middleton",1610612749,"Milwaukee","Bucks","MIL",0,0,"NULL","NULL","NULL","NULL","NULL",0,0,"NULL","NULL","NULL","NULL","NULL",203521,203114,202328,203503,203507,201937,202357,203952,201575,1626157,21600978
"0021600978",222,194,1,44,2,20:59:00,02:55:00,175,"Monroe 1' Reverse Layup (8 PTS)","NULL","NULL","41 - 40",-1,4,202328,"Greg Monroe",1610612749,"Milwaukee","Bucks","MIL",0,0,"NULL","NULL","NULL","NULL","NULL",0,0,"NULL","NULL","NULL","NULL","NULL",203521,203114,202328,203503,203507,201937,202357,203952,201575,1626157,21600978
"0021600978",221,193,4,0,2,20:59:00,02:57:00,177,"Monroe REBOUND (Off:2 Def:2)","NULL","NULL","41 - 38",-3,4,202328,"Greg Monroe",1610612749,"Milwaukee","Bucks","MIL",0,0,"NULL","NULL","NULL","NULL","NULL",0,0,"NULL","NULL","NULL","NULL","NULL",203521,203114,202328,203503,203507,201937,202357,203952,201575,1626157,21600978
"0021600978",220,192,2,1,2,20:59:00,02:58:00,178,"MISS Snell 25' 3PT Jump Shot","NULL","NULL","41 - 38",-3,4,203503,"Tony Snell",1610612749,"Milwaukee","Bucks","MIL",0,0,"NULL","NULL","NULL","NULL","NULL",0,0,"NULL","NULL","NULL","NULL","NULL",203521,203114,202328,203503,203507,201937,202357,203952,201575,1626157,21600978
"0021600978",217,189,2,3,2,20:59:00,03:25:00,205,"MISS Monroe 5' Hook Shot","NULL","NULL","39 - 38",-1,4,202328,"Greg Monroe",1610612749,"Milwaukee","Bucks","MIL",0,0,"NULL","NULL","NULL","NULL","NULL",0,0,"NULL","NULL","NULL","NULL","NULL",203521,203114,202328,203503,203507,201937,202357,203952,201575,1626157,21600978
"0021600978",215,187,1,73,2,20:58:00,04:04:00,244,"Middleton 1' Driving Reverse Layup (2 PTS) (Monroe 1 AST)","NULL","NULL","37 - 38",1,4,203114,"Khris Middleton",1610612749,"Milwaukee","Bucks","MIL",4,202328,"Greg Monroe","1610612749","Milwaukee","Bucks","MIL",0,0,"NULL","NULL","NULL","NULL","NULL",203521,203114,202328,203503,203507,201937,202357,203952,201575,1626157,21600978
"0021600978",210,184,6,1,2,20:57:00,04:15:00,255,"Middleton P.FOUL (P2.PN) (S.Wright)","NULL","NULL","35 - 36",1,4,203114,"Khris Middleton",1610612749,"Milwaukee","Bucks","MIL",5,203952,"Andrew Wiggins","1610612750","Minnesota","Timberwolves","MIN",1,0,"NULL","NULL","NULL","NULL","NULL",203521,203114,202328,203503,203507,201937,202357,203952,201575,1626157,21600978
"0021600978",208,182,2,1,2,20:57:00,04:23:00,263,"MISS Antetokounmpo 17' Jump Shot","NULL","NULL","35 - 36",1,4,203507,"Giannis Antetokounmpo",1610612749,"Milwaukee","Bucks","MIL",0,0,"NULL","NULL","NULL","NULL","NULL",0,0,"NULL","NULL","NULL","NULL","NULL",203521,203114,202328,203503,203507,201937,202357,203952,201575,1626157,21600978
"0021600978",206,180,1,42,2,20:56:00,05:07:00,307,"Monroe 1' Driving Layup (6 PTS)","NULL","NULL","33 - 36",3,4,202328,"Greg Monroe",1610612749,"Milwaukee","Bucks","MIL",0,0,"NULL","NULL","NULL","NULL","NULL",0,0,"NULL","NULL","NULL","NULL","NULL",203521,203114,202328,203503,203507,201937,202357,203952,201575,1626157,21600978
"0021600978",205,179,4,0,2,20:56:00,05:23:00,323,"Snell REBOUND (Off:1 Def:3)","NULL","NULL","33 - 34",1,4,203503,"Tony Snell",1610612749,"Milwaukee","Bucks","MIL",0,0,"NULL","NULL","NULL","NULL","NULL",0,0,"NULL","NULL","NULL","NULL","NULL",203521,203114,202328,203503,203507,201937,202357,203952,201575,1626157,21600978
"0021600978",201,176,8,0,2,20:56:00,05:25:00,325,"SUB: Middleton FOR Hawes","NULL","NULL","33 - 34",1,4,201150,"Spencer Hawes",1610612749,"Milwaukee","Bucks","MIL",4,203114,"Khris Middleton","1610612749","Milwaukee","Bucks","MIL",0,0,"NULL","NULL","NULL","NULL","NULL",203521,203114,202328,203503,203507,201937,202357,203952,1626145,1626157,21600978
"0021600978",200,175,8,0,2,20:56:00,05:25:00,325,"SUB: Snell FOR Vaughn","NULL","NULL","33 - 34",1,4,1626173,"Rashad Vaughn",1610612749,"Milwaukee","Bucks","MIL",4,203503,"Tony Snell","1610612749","Milwaukee","Bucks","MIL",0,0,"NULL","NULL","NULL","NULL","NULL",203521,201150,202328,203503,203507,201937,202357,203952,1626145,1626157,21600978
"0021600978",197,173,6,2,2,20:55:00,05:25:00,325,"Antetokounmpo S.FOUL (P2.PN) (D.Collins)","NULL","NULL","32 - 34",2,4,203507,"Giannis Antetokounmpo",1610612749,"Milwaukee","Bucks","MIL",5,203952,"Andrew Wiggins","1610612750","Minnesota","Timberwolves","MIN",1,0,"NULL","NULL","NULL","NULL","NULL",203521,201150,202328,1626173,203507,201937,202357,203952,1626145,1626157,21600978
"0021600978",195,171,2,42,2,20:55:00,05:36:00,336,"MISS Antetokounmpo 2' Driving Layup","NULL","NULL","32 - 34",2,4,203507,"Giannis Antetokounmpo",1610612749,"Milwaukee","Bucks","MIL",0,0,"NULL","NULL","NULL","NULL","NULL",0,0,"NULL","NULL","NULL","NULL","NULL",203521,201150,202328,1626173,203507,201937,202357,203952,1626145,1626157,21600978
"0021600978",191,169,8,0,2,20:54:00,05:52:00,352,"SUB: Monroe FOR Henson","NULL","NULL","31 - 34",3,4,203089,"John Henson",1610612749,"Milwaukee","Bucks","MIL",4,202328,"Greg Monroe","1610612749","Milwaukee","Bucks","MIL",0,0,"NULL","NULL","NULL","NULL","NULL",203521,201150,202328,1626173,203507,201937,202357,203952,1626145,1626157,21600978
"0021600978",190,168,6,2,2,20:54:00,05:52:00,352,"Henson S.FOUL (P3.PN) (S.Wright)","NULL","NULL","31 - 34",3,4,203089,"John Henson",1610612749,"Milwaukee","Bucks","MIL",5,201937,"Ricky Rubio","1610612750","Minnesota","Timberwolves","MIN",1,0,"NULL","NULL","NULL","NULL","NULL",203521,201150,203089,1626173,203507,201937,202357,203952,1626145,1626157,21600978
"0021600978",188,166,5,1,2,20:54:00,05:56:00,356,"Dellavedova Bad Pass Turnover (P1.T5)","NULL","Towns STEAL (1 STL)","29 - 34",5,4,203521,"Matthew Dellavedova",1610612749,"Milwaukee","Bucks","MIL",5,1626157,"Karl-Anthony Towns","1610612750","Minnesota","Timberwolves","MIN",0,0,"NULL","NULL","NULL","NULL","NULL",203521,201150,203089,1626173,203507,201937,202357,203952,1626145,1626157,21600978
"0021600978",187,165,4,0,2,20:53:00,06:12:00,372,"Hawes REBOUND (Off:0 Def:2)","NULL","NULL","29 - 34",5,4,201150,"Spencer Hawes",1610612749,"Milwaukee","Bucks","MIL",0,0,"NULL","NULL","NULL","NULL","NULL",0,0,"NULL","NULL","NULL","NULL","NULL",203521,201150,203089,1626173,203507,201937,202357,203952,1626145,1626157,21600978
"0021600978",185,163,6,1,2,20:53:00,06:23:00,383,"Dellavedova P.FOUL (P2.T4) (D.Collins)","NULL","NULL","29 - 34",5,4,203521,"Matthew Dellavedova",1610612749,"Milwaukee","Bucks","MIL",5,201937,"Ricky Rubio","1610612750","Minnesota","Timberwolves","MIN",1,0,"NULL","NULL","NULL","NULL","NULL",203521,201150,203089,1626173,203507,201937,202357,203952,1626145,1626157,21600978
"0021600978",184,162,1,1,2,20:53:00,06:34:00,394,"Antetokounmpo 16' Jump Shot (10 PTS)","NULL","NULL","29 - 34",5,4,203507,"Giannis Antetokounmpo",1610612749,"Milwaukee","Bucks","MIL",0,0,"NULL","NULL","NULL","NULL","NULL",0,0,"NULL","NULL","NULL","NULL","NULL",203521,201150,203089,1626173,203507,201937,202357,203952,1626145,1626157,21600978
"0021600978",183,161,4,0,2,20:53:00,06:43:00,403,"Hawes REBOUND (Off:0 Def:1)","NULL","NULL","29 - 32",3,4,201150,"Spencer Hawes",1610612749,"Milwaukee","Bucks","MIL",0,0,"NULL","NULL","NULL","NULL","NULL",0,0,"NULL","NULL","NULL","NULL","NULL",203521,201150,203089,1626173,203507,201937,202357,203952,1626145,1626157,21600978
"0021600978",174,154,1,108,2,20:50:00,07:14:00,434,"Henson  Cutting Dunk Shot (4 PTS) (Vaughn 1 AST)","NULL","NULL","29 - 32",3,4,203089,"John Henson",1610612749,"Milwaukee","Bucks","MIL",4,1626173,"Rashad Vaughn","1610612749","Milwaukee","Bucks","MIL",0,0,"NULL","NULL","NULL","NULL","NULL",203521,201150,203089,1626173,203507,1627739,202357,203498,1626145,1626157,21600978
"0021600978",173,153,4,0,2,20:49:00,07:19:00,439,"Vaughn REBOUND (Off:0 Def:1)","NULL","NULL","29 - 30",1,4,1626173,"Rashad Vaughn",1610612749,"Milwaukee","Bucks","MIL",0,0,"NULL","NULL","NULL","NULL","NULL",0,0,"NULL","NULL","NULL","NULL","NULL",203521,201150,203089,1626173,203507,1627739,202357,203498,1626145,1626157,21600978
"0021600978",170,151,1,1,2,20:49:00,07:51:00,471,"Dellavedova 26' 3PT Jump Shot (6 PTS) (Antetokounmpo 3 AST)","NULL","NULL","29 - 30",1,4,203521,"Matthew Dellavedova",1610612749,"Milwaukee","Bucks","MIL",4,203507,"Giannis Antetokounmpo","1610612749","Milwaukee","Bucks","MIL",0,0,"NULL","NULL","NULL","NULL","NULL",203521,201150,203089,1626173,203507,1627739,202357,203498,1626145,1626157,21600978
"0021600978",166,147,6,1,2,20:48:00,08:04:00,484,"Henson P.FOUL (P2.T3) (S.Wright)","NULL","NULL","29 - 27",-2,4,203089,"John Henson",1610612749,"Milwaukee","Bucks","MIL",5,1626157,"Karl-Anthony Towns","1610612750","Minnesota","Timberwolves","MIN",1,0,"NULL","NULL","NULL","NULL","NULL",203521,201150,203089,1626173,203507,1627739,202357,203498,1626145,1626157,21600978
"0021600978",165,146,1,108,2,20:48:00,08:22:00,502,"Henson  Cutting Dunk Shot (2 PTS) (Antetokounmpo 2 AST)","NULL","NULL","29 - 27",-2,4,203089,"John Henson",1610612749,"Milwaukee","Bucks","MIL",4,203507,"Giannis Antetokounmpo","1610612749","Milwaukee","Bucks","MIL",0,0,"NULL","NULL","NULL","NULL","NULL",203521,201150,203089,1626173,203507,1627739,202357,203498,1626145,1626157,21600978
"0021600978",161,142,2,1,2,20:47:00,08:42:00,522,"MISS Vaughn 5' Jump Shot","NULL","NULL","29 - 25",-4,4,1626173,"Rashad Vaughn",1610612749,"Milwaukee","Bucks","MIL",0,0,"NULL","NULL","NULL","NULL","NULL",0,0,"NULL","NULL","NULL","NULL","NULL",203521,201150,203089,1626173,203507,1627739,202357,203498,1626145,1626157,21600978
"0021600978",158,139,5,2,2,20:47:00,08:55:00,535,"Hawes Lost Ball Turnover (P1.T4)","NULL","Jones STEAL (1 STL)","29 - 25",-4,4,201150,"Spencer Hawes",1610612749,"Milwaukee","Bucks","MIL",5,1626145,"Tyus Jones","1610612750","Minnesota","Timberwolves","MIN",0,0,"NULL","NULL","NULL","NULL","NULL",203521,201150,203089,1626173,203507,1627739,202357,203498,1626145,1626157,21600978
"0021600978",157,138,4,0,2,20:46:00,09:07:00,547,"Henson REBOUND (Off:1 Def:1)","NULL","NULL","29 - 25",-4,4,203089,"John Henson",1610612749,"Milwaukee","Bucks","MIL",0,0,"NULL","NULL","NULL","NULL","NULL",0,0,"NULL","NULL","NULL","NULL","NULL",203521,201150,203089,1626173,203507,1627739,202357,203498,1626145,1626157,21600978
"0021600978",153,136,8,0,2,20:46:00,09:08:00,548,"SUB: Hawes FOR Monroe","NULL","NULL","29 - 25",-4,4,202328,"Greg Monroe",1610612749,"Milwaukee","Bucks","MIL",4,201150,"Spencer Hawes","1610612749","Milwaukee","Bucks","MIL",0,0,"NULL","NULL","NULL","NULL","NULL",203521,201150,203089,1626173,203507,1627739,202357,203498,1626145,1626157,21600978
"0021600978",152,135,8,0,2,20:46:00,09:08:00,548,"SUB: Dellavedova FOR Terry","NULL","NULL","29 - 25",-4,4,1891,"Jason Terry",1610612749,"Milwaukee","Bucks","MIL",4,203521,"Matthew Dellavedova","1610612749","Milwaukee","Bucks","MIL",0,0,"NULL","NULL","NULL","NULL","NULL",203521,202328,203089,1626173,203507,1627739,202357,203498,1626145,1626157,21600978
"0021600978",149,133,6,2,2,20:43:00,09:08:00,548,"Vaughn S.FOUL (P1.T2) (S.Anderson)","NULL","NULL","29 - 25",-4,4,1626173,"Rashad Vaughn",1610612749,"Milwaukee","Bucks","MIL",5,203498,"Shabazz Muhammad","1610612750","Minnesota","Timberwolves","MIN",1,0,"NULL","NULL","NULL","NULL","NULL",1891,202328,203089,1626173,203507,1627739,202357,203498,1626145,1626157,21600978
"0021600978",146,130,2,57,2,20:43:00,09:17:00,557,"MISS Monroe 6' Driving Hook Shot","NULL","NULL","27 - 25",-2,4,202328,"Greg Monroe",1610612749,"Milwaukee","Bucks","MIL",0,0,"NULL","NULL","NULL","NULL","NULL",0,0,"NULL","NULL","NULL","NULL","NULL",1891,202328,203089,1626173,203507,1627739,202357,203498,1626145,1626157,21600978
"0021600978",143,127,2,63,2,20:42:00,09:56:00,596,"MISS Antetokounmpo 15' Fadeaway Jumper","NULL","NULL","25 - 25",0,4,203507,"Giannis Antetokounmpo",1610612749,"Milwaukee","Bucks","MIL",0,0,"NULL","NULL","NULL","NULL","NULL",0,0,"NULL","NULL","NULL","NULL","NULL",1891,202328,203089,1626173,203507,1627739,202357,203498,1626145,1626157,21600978
"0021600978",141,125,2,1,2,20:42:00,10:22:00,622,"MISS Vaughn 25' 3PT Jump Shot","NULL","NULL","25 - 25",0,4,1626173,"Rashad Vaughn",1610612749,"Milwaukee","Bucks","MIL",0,0,"NULL","NULL","NULL","NULL","NULL",0,0,"NULL","NULL","NULL","NULL","NULL",1891,202328,203089,1626173,203507,1627739,202357,203498,1626145,1626157,21600978
"0021600978",139,123,5,45,2,20:41:00,10:52:00,652,"Monroe Out of Bounds - Bad Pass Turnover Turnover (P1.T3)","NULL","NULL","23 - 25",2,4,202328,"Greg Monroe",1610612749,"Milwaukee","Bucks","MIL",0,0,"NULL","NULL","NULL","NULL","NULL",0,0,"NULL","NULL","NULL","NULL","NULL",1891,202328,203089,1626173,203507,1627739,202357,203498,1626145,1626157,21600978
"0021600978",137,122,4,0,2,20:41:00,10:53:00,653,"Monroe REBOUND (Off:1 Def:2)","NULL","NULL","23 - 25",2,4,202328,"Greg Monroe",1610612749,"Milwaukee","Bucks","MIL",0,0,"NULL","NULL","NULL","NULL","NULL",0,0,"NULL","NULL","NULL","NULL","NULL",1891,202328,203089,1626173,203507,1627739,202357,203498,1626145,1626157,21600978
"0021600978",134,120,6,2,2,20:40:00,10:55:00,655,"Monroe S.FOUL (P1.T1) (D.Collins)","NULL","NULL","23 - 25",2,4,202328,"Greg Monroe",1610612749,"Milwaukee","Bucks","MIL",5,1626157,"Karl-Anthony Towns","1610612750","Minnesota","Timberwolves","MIN",1,0,"NULL","NULL","NULL","NULL","NULL",1891,202328,203089,1626173,203507,1627739,202357,203498,1626145,1626157,21600978
"0021600978",132,118,1,76,2,20:40:00,11:11:00,671,"Antetokounmpo 1' Running Finger Roll Layup (8 PTS)","NULL","NULL","21 - 25",4,4,203507,"Giannis Antetokounmpo",1610612749,"Milwaukee","Bucks","MIL",0,0,"NULL","NULL","NULL","NULL","NULL",0,0,"NULL","NULL","NULL","NULL","NULL",1891,202328,203089,1626173,203507,1627739,202357,203498,1626145,1626157,21600978
"0021600978",131,117,4,0,2,20:40:00,11:18:00,678,"Monroe REBOUND (Off:1 Def:1)","NULL","NULL","21 - 23",2,4,202328,"Greg Monroe",1610612749,"Milwaukee","Bucks","MIL",0,0,"NULL","NULL","NULL","NULL","NULL",0,0,"NULL","NULL","NULL","NULL","NULL",1891,202328,203089,1626173,203507,1627739,202357,203498,1626145,1626157,21600978
"0021600978",128,114,2,1,2,20:40:00,11:27:00,687,"MISS Antetokounmpo 28' 3PT Jump Shot","NULL","NULL","21 - 23",2,4,203507,"Giannis Antetokounmpo",1610612749,"Milwaukee","Bucks","MIL",0,0,"NULL","NULL","NULL","NULL","NULL",0,0,"NULL","NULL","NULL","NULL","NULL",1891,202328,203089,1626173,203507,1627739,202357,203498,1626145,1626157,21600978
"0021600978",122,109,4,0,1,20:36:00,00:10:00,10,"Middleton REBOUND (Off:0 Def:1)","NULL","NULL","19 - 23",4,4,203114,"Khris Middleton",1610612749,"Milwaukee","Bucks","MIL",0,0,"NULL","NULL","NULL","NULL","NULL",0,0,"NULL","NULL","NULL","NULL","NULL",1891,203114,202328,203089,1626173,1626145,203476,202357,203498,1627739,21600978
"0021600978",120,107,1,41,1,20:35:00,00:39:00,39,"Vaughn 1' Running Layup (2 PTS)","NULL","NULL","19 - 23",4,4,1626173,"Rashad Vaughn",1610612749,"Milwaukee","Bucks","MIL",0,0,"NULL","NULL","NULL","NULL","NULL",0,0,"NULL","NULL","NULL","NULL","NULL",1891,203114,202328,203089,1626173,1626145,203476,202357,203498,1627739,21600978
"0021600978",117,104,2,3,1,20:35:00,00:51:00,51,"MISS Monroe 6' Hook Shot","NULL","NULL","19 - 21",2,4,202328,"Greg Monroe",1610612749,"Milwaukee","Bucks","MIL",0,0,"NULL","NULL","NULL","NULL","NULL",0,0,"NULL","NULL","NULL","NULL","NULL",1891,203114,202328,203089,1626173,1626145,203476,202357,203498,1627739,21600978
"0021600978",114,102,3,10,1,20:34:00,01:29:00,89,"Terry Free Throw 1 of 1 (3 PTS)","NULL","NULL","17 - 21",4,4,1891,"Jason Terry",1610612749,"Milwaukee","Bucks","MIL",0,0,"NULL","NULL","NULL","NULL","NULL",0,0,"NULL","NULL","NULL","NULL","NULL",1891,203114,202328,203089,1626173,1626145,203476,202357,203498,1627739,21600978
"0021600978",111,99,1,78,1,20:34:00,01:29:00,89,"Terry 3' Floating Jump Shot (2 PTS)","NULL","NULL","17 - 20",3,4,1891,"Jason Terry",1610612749,"Milwaukee","Bucks","MIL",0,0,"NULL","NULL","NULL","NULL","NULL",0,0,"NULL","NULL","NULL","NULL","NULL",1891,203114,202328,203089,1626173,203952,203476,202357,203498,1627739,21600978
"0021600978",107,95,1,3,1,20:33:00,02:15:00,135,"Monroe 2' Hook Shot (4 PTS)","NULL","NULL","15 - 18",3,4,202328,"Greg Monroe",1610612749,"Milwaukee","Bucks","MIL",0,0,"NULL","NULL","NULL","NULL","NULL",0,0,"NULL","NULL","NULL","NULL","NULL",1891,203114,202328,203089,1626173,203952,203476,202357,203498,1627739,21600978
"0021600978",106,94,4,0,1,20:33:00,02:18:00,138,"Monroe REBOUND (Off:1 Def:0)","NULL","NULL","15 - 16",1,4,202328,"Greg Monroe",1610612749,"Milwaukee","Bucks","MIL",0,0,"NULL","NULL","NULL","NULL","NULL",0,0,"NULL","NULL","NULL","NULL","NULL",1891,203114,202328,203089,1626173,203952,203476,202357,203498,1627739,21600978
"0021600978",104,93,2,97,1,20:33:00,02:20:00,140,"MISS Henson 1' Tip Layup Shot","NULL","NULL","15 - 16",1,4,203089,"John Henson",1610612749,"Milwaukee","Bucks","MIL",0,0,"NULL","NULL","NULL","NULL","NULL",0,0,"NULL","NULL","NULL","NULL","NULL",1891,203114,202328,203089,1626173,203952,203476,202357,203498,1627739,21600978
"0021600978",105,92,4,0,1,20:33:00,02:20:00,140,"Henson REBOUND (Off:1 Def:0)","NULL","NULL","15 - 16",1,4,203089,"John Henson",1610612749,"Milwaukee","Bucks","MIL",0,0,"NULL","NULL","NULL","NULL","NULL",0,0,"NULL","NULL","NULL","NULL","NULL",1891,203114,202328,203089,1626173,203952,203476,202357,203498,1627739,21600978
"0021600978",103,91,2,58,1,20:33:00,02:23:00,143,"MISS Monroe 6' Turnaround Hook Shot","NULL","NULL","15 - 16",1,4,202328,"Greg Monroe",1610612749,"Milwaukee","Bucks","MIL",0,0,"NULL","NULL","NULL","NULL","NULL",0,0,"NULL","NULL","NULL","NULL","NULL",1891,203114,202328,203089,1626173,203952,203476,202357,203498,1627739,21600978
"0021600978",95,87,6,3,1,20:29:00,02:43:00,163,"Henson L.B.FOUL (P1.PN) (S.Wright)","NULL","NULL","13 - 16",3,4,203089,"John Henson",1610612749,"Milwaukee","Bucks","MIL",5,203476,"Gorgui Dieng","1610612750","Minnesota","Timberwolves","MIN",1,0,"NULL","NULL","NULL","NULL","NULL",1891,203114,202328,203089,1626173,203952,203476,202357,203498,1627739,21600978
"0021600978",90,83,2,1,1,20:29:00,02:53:00,173,"MISS Middleton 26' 3PT Jump Shot","NULL","NULL","13 - 16",3,4,203114,"Khris Middleton",1610612749,"Milwaukee","Bucks","MIL",0,0,"NULL","NULL","NULL","NULL","NULL",0,0,"NULL","NULL","NULL","NULL","NULL",1891,203114,202328,203089,1626173,203952,203476,202357,203498,1627739,21600978
"0021600978",85,78,8,0,1,20:27:00,03:41:00,221,"SUB: Vaughn FOR Dellavedova","NULL","NULL","11 - 16",5,4,203521,"Matthew Dellavedova",1610612749,"Milwaukee","Bucks","MIL",4,1626173,"Rashad Vaughn","1610612749","Milwaukee","Bucks","MIL",0,0,"NULL","NULL","NULL","NULL","NULL",1891,203114,202328,203089,1626173,203952,203476,202357,201575,1627739,21600978
"0021600978",83,77,1,58,1,20:27:00,03:52:00,232,"Monroe 8' Turnaround Hook Shot (2 PTS)","NULL","NULL","11 - 16",5,4,202328,"Greg Monroe",1610612749,"Milwaukee","Bucks","MIL",0,0,"NULL","NULL","NULL","NULL","NULL",0,0,"NULL","NULL","NULL","NULL","NULL",1891,203114,202328,203089,203521,203952,203476,202357,201575,1627739,21600978
"0021600978",82,76,4,0,1,20:27:00,04:11:00,251,"Terry REBOUND (Off:1 Def:1)","NULL","NULL","11 - 14",3,4,1891,"Jason Terry",1610612749,"Milwaukee","Bucks","MIL",0,0,"NULL","NULL","NULL","NULL","NULL",0,0,"NULL","NULL","NULL","NULL","NULL",1891,203114,202328,203089,203521,203952,203476,202357,201575,1627739,21600978
"0021600978",79,73,8,0,1,20:26:00,04:25:00,265,"SUB: Henson FOR Snell","NULL","NULL","11 - 14",3,4,203503,"Tony Snell",1610612749,"Milwaukee","Bucks","MIL",4,203089,"John Henson","1610612749","Milwaukee","Bucks","MIL",0,0,"NULL","NULL","NULL","NULL","NULL",1891,203114,202328,203089,203521,203952,203476,1626157,201575,1627739,21600978
"0021600978",78,72,8,0,1,20:26:00,04:25:00,265,"SUB: Middleton FOR Antetokounmpo","NULL","NULL","11 - 14",3,4,203507,"Giannis Antetokounmpo",1610612749,"Milwaukee","Bucks","MIL",4,203114,"Khris Middleton","1610612749","Milwaukee","Bucks","MIL",0,0,"NULL","NULL","NULL","NULL","NULL",1891,203114,202328,203503,203521,203952,203476,1626157,201575,1627739,21600978
"0021600978",76,70,6,1,1,20:24:00,04:25:00,265,"Antetokounmpo P.FOUL (P1.PN) (S.Wright)","NULL","NULL","11 - 14",3,4,203507,"Giannis Antetokounmpo",1610612749,"Milwaukee","Bucks","MIL",5,203952,"Andrew Wiggins","1610612750","Minnesota","Timberwolves","MIN",1,0,"NULL","NULL","NULL","NULL","NULL",1891,203507,202328,203503,203521,203952,203476,1626157,201575,1627739,21600978
"0021600978",73,69,1,1,1,20:24:00,04:49:00,289,"Snell 24' 3PT Jump Shot (5 PTS) (Terry 1 AST)","NULL","NULL","11 - 14",3,4,203503,"Tony Snell",1610612749,"Milwaukee","Bucks","MIL",4,1891,"Jason Terry","1610612749","Milwaukee","Bucks","MIL",0,0,"NULL","NULL","NULL","NULL","NULL",1891,203507,202328,203503,203521,203952,203476,1626157,201575,1627739,21600978
"0021600978",70,66,2,78,1,20:23:00,05:18:00,318,"MISS Terry 6' Floating Jump Shot","NULL","NULL","9 - 11",2,4,1891,"Jason Terry",1610612749,"Milwaukee","Bucks","MIL",0,0,"NULL","NULL","NULL","NULL","NULL",0,0,"NULL","NULL","NULL","NULL","NULL",1891,203507,202328,203503,203521,203952,203476,1626157,201575,1627739,21600978
"0021600978",69,65,4,0,1,20:23:00,05:23:00,323,"Terry REBOUND (Off:1 Def:0)","NULL","NULL","9 - 11",2,4,1891,"Jason Terry",1610612749,"Milwaukee","Bucks","MIL",0,0,"NULL","NULL","NULL","NULL","NULL",0,0,"NULL","NULL","NULL","NULL","NULL",1891,203507,202328,203503,203521,203952,203476,1626157,201575,1627739,21600978
"0021600978",68,64,2,1,1,20:23:00,05:25:00,325,"MISS Dellavedova 6' Jump Shot","NULL","Towns BLOCK (1 BLK)","9 - 11",2,4,203521,"Matthew Dellavedova",1610612749,"Milwaukee","Bucks","MIL",0,0,"NULL","NULL","NULL","NULL","NULL",5,1626157,"Karl-Anthony Towns","1610612750","Minnesota","Timberwolves","MIN",1891,203507,202328,203503,203521,203952,203476,1626157,201575,1627739,21600978
"0021600978",65,61,2,1,1,20:22:00,05:54:00,354,"MISS Monroe 15' Jump Shot","NULL","NULL","7 - 11",4,4,202328,"Greg Monroe",1610612749,"Milwaukee","Bucks","MIL",0,0,"NULL","NULL","NULL","NULL","NULL",0,0,"NULL","NULL","NULL","NULL","NULL",1891,203507,202328,203503,203521,203952,203476,1626157,201575,1627739,21600978
"0021600978",64,60,4,0,1,20:22:00,06:03:00,363,"Snell REBOUND (Off:1 Def:2)","NULL","NULL","7 - 11",4,4,203503,"Tony Snell",1610612749,"Milwaukee","Bucks","MIL",0,0,"NULL","NULL","NULL","NULL","NULL",0,0,"NULL","NULL","NULL","NULL","NULL",1891,203507,202328,203503,203521,203952,203476,1626157,201575,1627739,21600978
"0021600978",62,58,1,7,1,20:22:00,06:26:00,386,"Antetokounmpo  Dunk (6 PTS) (Dellavedova 1 AST)","NULL","NULL","7 - 11",4,4,203507,"Giannis Antetokounmpo",1610612749,"Milwaukee","Bucks","MIL",4,203521,"Matthew Dellavedova","1610612749","Milwaukee","Bucks","MIL",0,0,"NULL","NULL","NULL","NULL","NULL",1891,203507,202328,203503,203521,203952,203476,1626157,201575,1627739,21600978
"0021600978",57,53,8,0,1,20:21:00,06:53:00,413,"SUB: Monroe FOR Maker","NULL","NULL","7 - 9",2,4,1627748,"Thon Maker",1610612749,"Milwaukee","Bucks","MIL",4,202328,"Greg Monroe","1610612749","Milwaukee","Bucks","MIL",0,0,"NULL","NULL","NULL","NULL","NULL",1891,203507,202328,203503,203521,203952,203476,1626157,201575,201937,21600978
"0021600978",56,52,6,1,1,20:21:00,06:53:00,413,"Snell P.FOUL (P2.T4) (S.Wright)","NULL","NULL","7 - 9",2,4,203503,"Tony Snell",1610612749,"Milwaukee","Bucks","MIL",5,203952,"Andrew Wiggins","1610612750","Minnesota","Timberwolves","MIN",1,0,"NULL","NULL","NULL","NULL","NULL",1891,203507,1627748,203503,203521,203952,203476,1626157,201575,201937,21600978
"0021600978",55,51,1,1,1,20:20:00,07:06:00,426,"Dellavedova 25' 3PT Jump Shot (3 PTS) (Antetokounmpo 1 AST)","NULL","NULL","7 - 9",2,4,203521,"Matthew Dellavedova",1610612749,"Milwaukee","Bucks","MIL",4,203507,"Giannis Antetokounmpo","1610612749","Milwaukee","Bucks","MIL",0,0,"NULL","NULL","NULL","NULL","NULL",1891,203507,1627748,203503,203521,203952,203476,1626157,201575,201937,21600978
"0021600978",54,50,4,0,1,20:20:00,07:23:00,443,"Snell REBOUND (Off:1 Def:1)","NULL","NULL","7 - 6",-1,4,203503,"Tony Snell",1610612749,"Milwaukee","Bucks","MIL",0,0,"NULL","NULL","NULL","NULL","NULL",0,0,"NULL","NULL","NULL","NULL","NULL",1891,203507,1627748,203503,203521,203952,203476,1626157,201575,201937,21600978
"0021600978",51,48,3,12,1,20:20:00,07:37:00,457,"Antetokounmpo Free Throw 2 of 2 (4 PTS)","NULL","NULL","7 - 6",-1,4,203507,"Giannis Antetokounmpo",1610612749,"Milwaukee","Bucks","MIL",0,0,"NULL","NULL","NULL","NULL","NULL",0,0,"NULL","NULL","NULL","NULL","NULL",1891,203507,1627748,203503,203521,203952,203476,1626157,201575,201937,21600978
"0021600978",50,47,8,0,1,20:19:00,07:37:00,457,"SUB: Terry FOR Middleton","NULL","NULL","7 - 5",-2,4,203114,"Khris Middleton",1610612749,"Milwaukee","Bucks","MIL",4,1891,"Jason Terry","1610612749","Milwaukee","Bucks","MIL",0,0,"NULL","NULL","NULL","NULL","NULL",1891,203507,1627748,203503,203521,203952,203476,1626157,201575,201937,21600978
"0021600978",48,45,3,11,1,20:19:00,07:37:00,457,"MISS Antetokounmpo Free Throw 1 of 2","NULL","NULL","7 - 5",-2,4,203507,"Giannis Antetokounmpo",1610612749,"Milwaukee","Bucks","MIL",0,0,"NULL","NULL","NULL","NULL","NULL",0,0,"NULL","NULL","NULL","NULL","NULL",203114,203507,1627748,203503,203521,203952,203476,1626157,201575,201937,21600978
"0021600978",46,43,4,0,1,20:19:00,07:40:00,460,"Antetokounmpo REBOUND (Off:0 Def:1)","NULL","NULL","7 - 5",-2,4,203507,"Giannis Antetokounmpo",1610612749,"Milwaukee","Bucks","MIL",0,0,"NULL","NULL","NULL","NULL","NULL",0,0,"NULL","NULL","NULL","NULL","NULL",203114,203507,1627748,203503,203521,203952,203476,1626157,201575,201937,21600978
"0021600978",44,41,1,63,1,20:19:00,07:57:00,477,"Snell 20' Fadeaway Jumper (2 PTS)","NULL","NULL","7 - 5",-2,4,203503,"Tony Snell",1610612749,"Milwaukee","Bucks","MIL",0,0,"NULL","NULL","NULL","NULL","NULL",0,0,"NULL","NULL","NULL","NULL","NULL",203114,203507,1627748,203503,203521,203952,203476,1626157,201575,201937,21600978
"0021600978",43,40,4,0,1,20:18:00,08:03:00,483,"Snell REBOUND (Off:1 Def:0)","NULL","NULL","7 - 3",-4,4,203503,"Tony Snell",1610612749,"Milwaukee","Bucks","MIL",0,0,"NULL","NULL","NULL","NULL","NULL",0,0,"NULL","NULL","NULL","NULL","NULL",203114,203507,1627748,203503,203521,203952,203476,1626157,201575,201937,21600978
"0021600978",42,39,2,1,1,20:18:00,08:04:00,484,"MISS Middleton 17' Jump Shot","NULL","NULL","7 - 3",-4,4,203114,"Khris Middleton",1610612749,"Milwaukee","Bucks","MIL",0,0,"NULL","NULL","NULL","NULL","NULL",0,0,"NULL","NULL","NULL","NULL","NULL",203114,203507,1627748,203503,203521,203952,203476,1626157,201575,201937,21600978
"0021600978",41,38,4,0,1,20:18:00,08:16:00,496,"Maker REBOUND (Off:1 Def:2)","NULL","NULL","7 - 3",-4,4,1627748,"Thon Maker",1610612749,"Milwaukee","Bucks","MIL",0,0,"NULL","NULL","NULL","NULL","NULL",0,0,"NULL","NULL","NULL","NULL","NULL",203114,203507,1627748,203503,203521,203952,203476,1626157,201575,201937,21600978
"0021600978",34,31,2,47,1,20:18:00,08:46:00,526,"MISS Antetokounmpo 11' Turnaround Jump Shot","NULL","NULL","7 - 3",-4,4,203507,"Giannis Antetokounmpo",1610612749,"Milwaukee","Bucks","MIL",0,0,"NULL","NULL","NULL","NULL","NULL",0,0,"NULL","NULL","NULL","NULL","NULL",203114,203507,1627748,203503,203521,203952,203476,1626157,201575,201937,21600978
"0021600978",31,28,2,1,1,20:17:00,09:18:00,558,"MISS Dellavedova 25' 3PT Jump Shot","NULL","NULL","5 - 3",-2,4,203521,"Matthew Dellavedova",1610612749,"Milwaukee","Bucks","MIL",0,0,"NULL","NULL","NULL","NULL","NULL",0,0,"NULL","NULL","NULL","NULL","NULL",203114,203507,1627748,203503,203521,203952,203476,1626157,201575,201937,21600978
"0021600978",29,26,6,27,1,20:17:00,09:34:00,574,"Dellavedova Personal Block Foul (P1.T3) (D.Collins)","NULL","NULL","5 - 3",-2,4,203521,"Matthew Dellavedova",1610612749,"Milwaukee","Bucks","MIL",5,201937,"Ricky Rubio","1610612750","Minnesota","Timberwolves","MIN",1,0,"NULL","NULL","NULL","NULL","NULL",203114,203507,1627748,203503,203521,203952,203476,1626157,201575,201937,21600978
"0021600978",27,25,3,10,1,20:16:00,09:37:00,577,"Antetokounmpo Free Throw 1 of 1 (3 PTS)","NULL","NULL","5 - 3",-2,4,203507,"Giannis Antetokounmpo",1610612749,"Milwaukee","Bucks","MIL",0,0,"NULL","NULL","NULL","NULL","NULL",0,0,"NULL","NULL","NULL","NULL","NULL",203114,203507,1627748,203503,203521,203952,203476,1626157,201575,201937,21600978
"0021600978",25,23,1,41,1,20:16:00,09:37:00,577,"Antetokounmpo 4' Running Layup (2 PTS)","NULL","NULL","5 - 2",-3,4,203507,"Giannis Antetokounmpo",1610612749,"Milwaukee","Bucks","MIL",0,0,"NULL","NULL","NULL","NULL","NULL",0,0,"NULL","NULL","NULL","NULL","NULL",203114,203507,1627748,203503,203521,203952,203476,1626157,201575,201937,21600978
"0021600978",23,22,4,0,1,20:16:00,09:43:00,583,"Maker REBOUND (Off:1 Def:1)","NULL","NULL","5 - 0",-5,4,1627748,"Thon Maker",1610612749,"Milwaukee","Bucks","MIL",0,0,"NULL","NULL","NULL","NULL","NULL",0,0,"NULL","NULL","NULL","NULL","NULL",203114,203507,1627748,203503,203521,203952,203476,1626157,201575,201937,21600978
"0021600978",20,19,2,1,1,20:16:00,09:53:00,593,"MISS Middleton 24' 3PT Jump Shot","NULL","NULL","5 - 0",-5,4,203114,"Khris Middleton",1610612749,"Milwaukee","Bucks","MIL",0,0,"NULL","NULL","NULL","NULL","NULL",0,0,"NULL","NULL","NULL","NULL","NULL",203114,203507,1627748,203503,203521,203952,203476,1626157,201575,201937,21600978
"0021600978",17,17,10,0,1,20:15:00,10:11:00,611,"Jump Ball Maker vs. Towns: Tip to Rush","NULL","NULL","5 - 0",-5,4,1627748,"Thon Maker",1610612749,"Milwaukee","Bucks","MIL",5,1626157,"Karl-Anthony Towns","1610612750","Minnesota","Timberwolves","MIN",5,201575,"Brandon Rush","1610612750","Minnesota","Timberwolves","MIN",203114,203507,1627748,203503,203521,203952,203476,1626157,201575,201937,21600978
"0021600978",18,16,5,1,1,20:15:00,10:11:00,611,"Antetokounmpo Bad Pass Turnover (P1.T2)","NULL","NULL","5 - 0",-5,4,203507,"Giannis Antetokounmpo",1610612749,"Milwaukee","Bucks","MIL",0,0,"NULL","NULL","NULL","NULL","NULL",0,0,"NULL","NULL","NULL","NULL","NULL",203114,203507,1627748,203503,203521,203952,203476,1626157,201575,201937,21600978
"0021600978",14,14,6,2,1,20:14:00,10:35:00,635,"Middleton S.FOUL (P1.T2) (D.Collins)","NULL","NULL","4 - 0",-4,4,203114,"Khris Middleton",1610612749,"Milwaukee","Bucks","MIL",5,203476,"Gorgui Dieng","1610612750","Minnesota","Timberwolves","MIN",1,0,"NULL","NULL","NULL","NULL","NULL",203114,203507,1627748,203503,203521,203952,203476,1626157,201575,201937,21600978
"0021600978",10,11,2,97,1,20:14:00,10:38:00,638,"MISS Maker 2' Tip Layup Shot","NULL","NULL","2 - 0",-2,4,1627748,"Thon Maker",1610612749,"Milwaukee","Bucks","MIL",0,0,"NULL","NULL","NULL","NULL","NULL",0,0,"NULL","NULL","NULL","NULL","NULL",203114,203507,1627748,203503,203521,203952,203476,1626157,201575,201937,21600978
"0021600978",11,10,4,0,1,20:14:00,10:38:00,638,"Maker REBOUND (Off:1 Def:0)","NULL","NULL","2 - 0",-2,4,1627748,"Thon Maker",1610612749,"Milwaukee","Bucks","MIL",0,0,"NULL","NULL","NULL","NULL","NULL",0,0,"NULL","NULL","NULL","NULL","NULL",203114,203507,1627748,203503,203521,203952,203476,1626157,201575,201937,21600978
"0021600978",9,9,2,5,1,20:14:00,10:40:00,640,"MISS Dellavedova 1' Layup","NULL","NULL","2 - 0",-2,4,203521,"Matthew Dellavedova",1610612749,"Milwaukee","Bucks","MIL",0,0,"NULL","NULL","NULL","NULL","NULL",0,0,"NULL","NULL","NULL","NULL","NULL",203114,203507,1627748,203503,203521,203952,203476,1626157,201575,201937,21600978
"0021600978",6,6,2,42,1,20:13:00,11:16:00,676,"MISS Dellavedova 1' Driving Layup","NULL","Dieng BLOCK (1 BLK)","0 - 0",0,4,203521,"Matthew Dellavedova",1610612749,"Milwaukee","Bucks","MIL",0,0,"NULL","NULL","NULL","NULL","NULL",5,203476,"Gorgui Dieng","1610612750","Minnesota","Timberwolves","MIN",203114,203507,1627748,203503,203521,203952,203476,1626157,201575,201937,21600978
"0021600978",3,3,5,5,1,20:12:00,11:37:00,697,"Snell Foul Turnover (P1.T1)","NULL","NULL","0 - 0",0,4,203503,"Tony Snell",1610612749,"Milwaukee","Bucks","MIL",0,0,"NULL","NULL","NULL","NULL","NULL",1,0,"NULL","NULL","NULL","NULL","NULL",203114,203507,1627748,203503,203521,203952,203476,1626157,201575,201937,21600978
"0021600978",2,2,6,26,1,20:12:00,11:37:00,697,"Snell Offensive Charge Foul (P1.T1) (S.Anderson)","NULL","NULL","0 - 0",0,4,203503,"Tony Snell",1610612749,"Milwaukee","Bucks","MIL",5,201575,"Brandon Rush","1610612750","Minnesota","Timberwolves","MIN",1,0,"NULL","NULL","NULL","NULL","NULL",203114,203507,1627748,203503,203521,203952,203476,1626157,201575,201937,21600978
"0021600978",1,1,10,0,1,20:12:00,12:00:00,720,"Jump Ball Maker vs. Towns: Tip to Middleton","NULL","NULL","0 - 0",0,4,1627748,"Thon Maker",1610612749,"Milwaukee","Bucks","MIL",5,1626157,"Karl-Anthony Towns","1610612750","Minnesota","Timberwolves","MIN",4,203114,"Khris Middleton","1610612749","Milwaukee","Bucks","MIL",203114,203507,1627748,203503,203521,203952,203476,1626157,201575,201937,21600978
